waveform_id,waveform_type,fc_kHz,B_multiplier,Tp_us,B_min_Hz,B_Hz,B_kHz,Tp_s,TBP,f_low_Hz,f_high_Hz,frequency_valid,sampling_valid,hardware_valid
W01,LFM,75,2,1000,760.728774,1673.603303,1.673603303,0.001,1.673603303,74163.19835,75836.80165,TRUE,TRUE,TRUE
W02,LFM,100,2,1000,760.728774,1673.603303,1.673603303,0.001,1.673603303,99163.19835,100836.8017,TRUE,TRUE,TRUE
W03,LFM,150,2,1000,760.728774,1673.603303,1.673603303,0.001,1.673603303,149163.1983,150836.8017,TRUE,TRUE,TRUE
W04,LFM,200,2,1000,760.728774,1673.603303,1.673603303,0.001,1.673603303,199163.1983,200836.8017,TRUE,TRUE,TRUE
W05,LFM,300,2,1000,760.728774,1673.603303,1.673603303,0.001,1.673603303,299163.1983,300836.8017,TRUE,TRUE,TRUE
W06,LFM,400,2,1000,760.728774,1673.603303,1.673603303,0.001,1.673603303,399163.1983,400836.8017,TRUE,TRUE,TRUE
W07,LFM,500,2,1000,760.728774,1673.603303,1.673603303,0.001,1.673603303,499163.1983,500836.8017,TRUE,TRUE,TRUE
W08,LFM,75,16,2000,760.728774,13388.82642,13.38882642,0.002,26.77765284,68305.58679,81694.41321,TRUE,TRUE,TRUE
W09,Geometric_NFM,75,2,1000,760.728774,1673.603303,1.673603303,0.001,1.673603303,74163.19835,75836.80165,TRUE,TRUE,TRUE
W10,Geometric_NFM,100,2,1000,760.728774,1673.603303,1.673603303,0.001,1.673603303,99163.19835,100836.8017,TRUE,TRUE,TRUE
W11,Geometric_NFM,150,2,1000,760.728774,1673.603303,1.673603303,0.001,1.673603303,149163.1983,150836.8017,TRUE,TRUE,TRUE
W12,Geometric_NFM,200,2,1000,760.728774,1673.603303,1.673603303,0.001,1.673603303,199163.1983,200836.8017,TRUE,TRUE,TRUE
W13,Geometric_NFM,300,2,1000,760.728774,1673.603303,1.673603303,0.001,1.673603303,299163.1983,300836.8017,TRUE,TRUE,TRUE
W14,Geometric_NFM,400,2,1000,760.728774,1673.603303,1.673603303,0.001,1.673603303,399163.1983,400836.8017,TRUE,TRUE,TRUE
W15,Geometric_NFM,500,2,1000,760.728774,1673.603303,1.673603303,0.001,1.673603303,499163.1983,500836.8017,TRUE,TRUE,TRUE
W16,Geometric_NFM,75,16,2000,760.728774,13388.82642,13.38882642,0.002,26.77765284,68305.58679,81694.41321,TRUE,TRUE,TRUE
W17,Phase_Coded,75,4,1000,760.728774,3347.206606,3.347206606,0.001,3.347206606,73326.3967,76673.6033,TRUE,TRUE,TRUE
W18,Phase_Coded,100,4,1000,760.728774,3347.206606,3.347206606,0.001,3.347206606,98326.3967,101673.6033,TRUE,TRUE,TRUE
W19,Phase_Coded,150,4,1000,760.728774,3347.206606,3.347206606,0.001,3.347206606,148326.3967,151673.6033,TRUE,TRUE,TRUE
W20,Phase_Coded,200,4,1000,760.728774,3347.206606,3.347206606,0.001,3.347206606,198326.3967,201673.6033,TRUE,TRUE,TRUE
W21,Phase_Coded,300,4,1000,760.728774,3347.206606,3.347206606,0.001,3.347206606,298326.3967,301673.6033,TRUE,TRUE,TRUE
W22,Phase_Coded,400,4,1000,760.728774,3347.206606,3.347206606,0.001,3.347206606,398326.3967,401673.6033,TRUE,TRUE,TRUE
W23,LFM,200,8,2000,760.728774,6694.413211,6.694413211,0.002,13.38882642,196652.7934,203347.2066,TRUE,TRUE,TRUE
W24,Geometric_NFM,300,8,2000,760.728774,6694.413211,6.694413211,0.002,13.38882642,296652.7934,303347.2066,TRUE,TRUE,TRUE
