waveform_id,depth_min_m,depth_max_m,depth_ref_m,temperature_min_C,temperature_max_C,temperature_ref_C,salinity_min_PSU,salinity_max_PSU,salinity_ref_PSU,turbidity_min_NTU,turbidity_max_NTU,turbidity_ref_NTU
W01,750,1500,1000,3.620582589,8.053713205,5.151925,34.34650136,35.27081919,34.90185,0.26575,1.37375,0.7276
W02,300,1000,500,6.82865,11.54840556,9.5484,34.51999396,35.64285953,35.01355,0.277458402,2.488,0.7276
W03,1,1,1,15.0892,23.8197,19.3224,10.4433,18.0297,14.6057,0.0959,2.7122,0.2848
W04,1500,5000,2000,1.074627784,4.559020847,2.462837493,34.47180493,34.96965,34.69994372,0.59125,1.4141,0.7276
W05,1,10,1.5,13.0339,25.5943,23.3574,4.50405,13.7422,9.716125,16.9053,24.70995,24.7097
W06,100,500,300,10.74805,15.44091511,12.12149013,34.83953654,36.13633558,35.35402518,0.2828,2.65615,0.7276
W07,20,75,30,11.71975911,17.02234754,14.98346745,34.95889091,36.0615,35.25380221,0.1962,1.58345,0.7276
W09,1,2,1,11.7752,26.71655,19.964975,19.2343,25.7478,23.7032,0.15805,1.9695,0.564725
W10,2,10,5,11.3802,17.58024544,15.9606,32.34285,36.51045,35.28,0.38225,2.0216,0.7276
W11,1,1,1,16.6163,24.76055,21.0317,18.32585,26.7801,24.5381,2.3762,9.1618,3.87535
W12,75,300,150,12.72323132,18.98612974,15.8854,34.94568468,36.49735,36.027775,0.2013,2.7435,0.7276
W13,1,2,1,19.1079,28.33355,23.785375,23.86785,30.3345,27.64955,0.21125,2.48435,1.2491
W14,50,200,100,16.70553301,21.20495,19.2136,35.22943349,36.60865,36.3695802,0.2889,2.68175,0.752075
W15,20,30,20,16.58193455,21.9956,19.858875,35.26707842,36.48805,36.160375,0.2059,1.6185,0.7276
W17,5,10,5,18.02245,22.6288,20.20745,35.2653,36.4978,36.18085,0.28745,1.05395,0.69605
W18,1,2,2,18.55535,25.14475,22.630525,30.5431,39.00345,35.06485,0.1591,1.9122,0.7159
W19,50,100,50,19.98285,23.9247,21.4526,35.79965,36.8075,36.389,0.27625,1.49775,0.69395
W20,5,10,7.5,22.63816216,26.25535,24.55775,32.9528,36.6368,36.114125,0.27125,1.33985,0.755325
W21,20,50,30,21.8835,26.32145,24.287,34.96195,37.41005,36.2679,0.2943,1.4753,0.764
W22,1,2,1,23.40045,29.6974,28.08275,27.2735,35.5306,32.5978,1.81485,7.9144,2.89285
W23,0.5,2,2,25.0541,30.4755,28.30185,31.1199,38.84525,34.386375,0.1949,1.5891,0.847625
W24,5,10,7.5,26.5401,30.45685,28.52955,32.29275,36.79381527,35.0757,0.283054187,1.4081,0.682775
W16,20,75,20,25.8834,29.3575,28.44445,33.16805,36.78954444,36.08415,0.289202667,0.9059,0.7736
W08,5,20,10,23.85528234,35.20805344,34.9313,32.0840673,38.50564684,33.944076,44.85690137,99.891,99.37042214
