waveform_id,mackenzie_speed_min_mps,mackenzie_speed_max_mps,mackenzie_speed_ref_mps,depth_min_m,depth_max_m,temperature_min_C,temperature_max_C,salinity_min_PSU,salinity_max_PSU,turbidity_min_NTU,turbidity_max_NTU
W01,1473.994739,1488.207361,1487.127369,1.0,1500.0,2.940465169,15.0892,10.4433,34.93815,0.2619,17.6057
W02,1488.207361,1491.3531315,1489.287353,1.0,1500.0,3.318254011,18.3896,12.4227,35.04375,0.2142,1.50655
W03,1491.3531315,1495.4387065,1493.4189099999999,1.0,2000.0,2.369291315,19.3224,12.1993,35.5879,0.2845,16.9053
W04,1495.4387065,1498.6153715,1497.458503,1.0,2000.0,3.331355612,23.0404,5.26895,35.3235,0.2209,24.70995
W05,1498.6153715,1501.0763645,1499.77224,1.0,2500.0,1.855292354,17.8855,22.0662,35.43935,0.28235,9.1618
W06,1501.0763645,1504.116419,1502.380489,1.0,2500.0,2.575733915,25.5943,4.50405,35.58895,0.277458402,24.70995
W07,1504.116419,1507.6071855,1505.852349,1.0,3000.0,1.419405655,23.70345,11.0015,35.9849,0.0959,24.70955
W08,1507.6071855,1510.720753,1509.362022,1.0,3000.0,1.952549134,23.8197,15.6193,36.10045,0.1812,8.28525
W09,1510.720753,1513.652693,1512.079484,1.0,500.0,13.78601473,21.6672,22.8284,36.1082,0.1962,6.4758
W10,1513.652693,1516.680931,1515.2259020000001,1.0,400.0,14.96232857,24.637,18.32585,36.51045,0.15805,3.87535
W11,1516.680931,1519.3686905,1518.13596,1.0,300.0,16.90155,24.2613,22.6553,36.40652495,0.28745,3.1831
W12,1519.3686905,1521.4454230000001,1520.601421,1.0,150.0,18.25275,24.76055,22.60745,36.4828,0.19195,5.33505
W13,1521.4454230000001,1522.9452875,1522.289425,1.0,4000.0,1.140109213,24.78005,24.76225,36.5821,0.1691,2.68175
W14,1522.9452875,1524.745875,1523.60115,1.0,200.0,18.98612974,24.60355,25.40125,36.8428,0.2889,1.5674
W15,1524.745875,1526.548839,1525.8906,1.0,200.0,19.71545545,26.71655,22.40415,37.50255,0.1779,2.0811
W16,1526.548839,1528.04803025,1527.207078,1.0,150.0,20.7505,24.7856,28.76825,37.0425,0.1591,3.1825
W17,1528.04803025,1529.9894317500002,1528.8889825,1.0,100.0,21.23765,25.15925,29.97355,36.72805,0.17595,44.85690137
W18,1529.9894317500002,1532.061083,1531.089881,1.0,75.0,22.1458,25.71445,30.3345,37.00855,0.2199,4.29015
W19,1532.061083,1533.8709265,1533.032285,1.0,100.0,22.7417,27.92075,27.2735,39.00345,0.2718,3.3424
W20,1533.8709265,1535.4398965,1534.709568,1.0,50.0,23.9247,28.33355,27.51465,36.57465,0.30135,1.5891
W21,1535.4398965,1537.7414442499999,1536.170225,1.0,50.0,24.48075,28.31335,29.1119,37.41005,0.2943,4.35735
W22,1537.7414442499999,1540.68997425,1539.3126634999999,1.0,5000.0,1.074627784,28.8807,31.14135,37.3033,0.2931,2.8526
W23,1540.68997425,1543.4926395,1542.067285,1.0,75.0,27.0746,29.6974,33.1069,36.61466235,0.1949,7.9144
W24,1543.4926395,1558.807995,1544.917994,0.5,50.0,27.9774159,35.20805344,33.944076,38.84525,0.276521739,99.891
