waveform_id,waveform_type,fc_kHz,B_multiplier,Tp_us,B_min_Hz,B_Hz,B_kHz,Tp_s,TBP,f_low_Hz,f_high_Hz,frequency_valid,sampling_valid,hardware_valid,phase_code_family,phase_code_length,phase_code_bpsk,phase_code_phase_rad
W01,LFM,75,2,1000,760.728774,1673.6033028000002,1.6736033028000001,0.001,1.6736033028000001,74163.1983486,75836.8016514,True,True,True,,,,
W02,LFM,100,2,1000,760.728774,1673.6033028000002,1.6736033028000001,0.001,1.6736033028000001,99163.1983486,100836.8016514,True,True,True,,,,
W03,LFM,150,2,1000,760.728774,1673.6033028000002,1.6736033028000001,0.001,1.6736033028000001,149163.1983486,150836.8016514,True,True,True,,,,
W04,LFM,200,2,1000,760.728774,1673.6033028000002,1.6736033028000001,0.001,1.6736033028000001,199163.1983486,200836.8016514,True,True,True,,,,
W05,LFM,300,2,1000,760.728774,1673.6033028000002,1.6736033028000001,0.001,1.6736033028000001,299163.1983486,300836.8016514,True,True,True,,,,
W06,LFM,400,2,1000,760.728774,1673.6033028000002,1.6736033028000001,0.001,1.6736033028000001,399163.1983486,400836.8016514,True,True,True,,,,
W07,LFM,500,2,1000,760.728774,1673.6033028000002,1.6736033028000001,0.001,1.6736033028000001,499163.1983486,500836.8016514,True,True,True,,,,
W08,LFM,75,16,2000,760.728774,13388.826422400001,13.388826422400001,0.002,26.777652844800002,68305.58678879999,81694.41321120001,True,True,True,,,,
W09,Geometric_NFM,75,2,1000,760.728774,1673.6033028000002,1.6736033028000001,0.001,1.6736033028000001,74163.1983486,75836.8016514,True,True,True,,,,
W10,Geometric_NFM,100,2,1000,760.728774,1673.6033028000002,1.6736033028000001,0.001,1.6736033028000001,99163.1983486,100836.8016514,True,True,True,,,,
W11,Geometric_NFM,150,2,1000,760.728774,1673.6033028000002,1.6736033028000001,0.001,1.6736033028000001,149163.1983486,150836.8016514,True,True,True,,,,
W12,Geometric_NFM,200,2,1000,760.728774,1673.6033028000002,1.6736033028000001,0.001,1.6736033028000001,199163.1983486,200836.8016514,True,True,True,,,,
W13,Geometric_NFM,300,2,1000,760.728774,1673.6033028000002,1.6736033028000001,0.001,1.6736033028000001,299163.1983486,300836.8016514,True,True,True,,,,
W14,Geometric_NFM,400,2,1000,760.728774,1673.6033028000002,1.6736033028000001,0.001,1.6736033028000001,399163.1983486,400836.8016514,True,True,True,,,,
W15,Geometric_NFM,500,2,1000,760.728774,1673.6033028000002,1.6736033028000001,0.001,1.6736033028000001,499163.1983486,500836.8016514,True,True,True,,,,
W16,Geometric_NFM,75,16,2000,760.728774,13388.826422400001,13.388826422400001,0.002,26.777652844800002,68305.58678879999,81694.41321120001,True,True,True,,,,
W17,Phase_Coded,75,4,1000,760.728774,3347.2066056000003,3.3472066056000003,0.001,3.3472066056000003,73326.3966972,76673.6033028,True,True,True,Barker-3,3,"1,1,-1","0,0,3.141592653589793"
W18,Phase_Coded,100,4,1000,760.728774,3347.2066056000003,3.3472066056000003,0.001,3.3472066056000003,98326.3966972,101673.6033028,True,True,True,Barker-3,3,"1,1,-1","0,0,3.141592653589793"
W19,Phase_Coded,150,4,1000,760.728774,3347.2066056000003,3.3472066056000003,0.001,3.3472066056000003,148326.3966972,151673.6033028,True,True,True,Barker-3,3,"1,1,-1","0,0,3.141592653589793"
W20,Phase_Coded,200,4,1000,760.728774,3347.2066056000003,3.3472066056000003,0.001,3.3472066056000003,198326.3966972,201673.6033028,True,True,True,Barker-3,3,"1,1,-1","0,0,3.141592653589793"
W21,Phase_Coded,300,4,1000,760.728774,3347.2066056000003,3.3472066056000003,0.001,3.3472066056000003,298326.3966972,301673.6033028,True,True,True,Barker-3,3,"1,1,-1","0,0,3.141592653589793"
W22,Phase_Coded,400,4,1000,760.728774,3347.2066056000003,3.3472066056000003,0.001,3.3472066056000003,398326.3966972,401673.6033028,True,True,True,Barker-3,3,"1,1,-1","0,0,3.141592653589793"
W23,LFM,200,8,2000,760.728774,6694.413211200001,6.6944132112000005,0.002,13.388826422400001,196652.7933944,203347.2066056,True,True,True,,,,
W24,Geometric_NFM,300,8,2000,760.728774,6694.413211200001,6.6944132112000005,0.002,13.388826422400001,296652.7933944,303347.2066056,True,True,True,,,,
